product_id,product_name,category,subcategory,brand,base_price,unit_cost,base_margin,stock_quantity,reorder_point,launch_date,discontinue_date,is_active,weight_kg
PRD0259,Google Smart Lock 7,SMART HOME,Home Security,Google,205900,151900,0.262,6,12,2023-08-06,,yes,6.78
PRD0110,Samsung WF-Series 9,Audio,In-Ear Earbuds,Samsung,42400,30700,0.276,12,20,2022-01-05,2023-10-11,False,1.52
PRD0091,ASUS FlatronW 7,Laptops & Computers,Monitors,ASUS,1090900,905300,0.17,-3,20,2023-08-28,,True,0.63
PRD0149,Sony EOS 5,Cameras & Photography,DSLR Cameras,Sony,593900,540200,0.09,93,15,2023-10-17,,True,2.06
PRD0389,Belkin GaN Charger 7,Mobile Accessories,Chargers & Cables,Belkin,19500,9900,0.491,105,20,2023-06-18,,true,2.17
PRD0164,Canon Battery Pack 5,Cameras & Photography,Camera Accessories,Canon,₩105900,63600,0.4,42,15,2020-03-28,2022-12-15,False,6.9
PRD0031,Apple Clear Shield 5,Smartphones & Tablets,phone cases,Apple,29700,15000,0.494,72,20,2020-11-28,,1,2.17
PRD0115,AKG SRS-XB 7,Audio,Bluetooth Speakers,AKG,106900,81900,0.234,22,20,2021-8-13,,TRUE,2.69
PRD0209,Logitech Steam Deck 9,Gaming,Gaming Consoles,Logitech,382300,337000,0.119,49,10,2023-01-10,,True,4.65
PRD0243,Xiaomi Smart Lock 5,Smart Home,Home Security,Xiaomi,298400,221100,0.259,39,12,2020-10-07,,True,1.57
PRD0121,JBL WH-1000X 3,Audio,Over-Ear Headphones,JBL,496500,342300,0.311,13,20,2021-03-24,,True,0.83
PRD0336,TCL Streaming Stick 5,TV and Displays,TV Accessories,TCL,53600,31000,0.421,16,5,2019-08-07,,True,6.31
PRD0289,Samsung Watch Ultra 1,Wearables,Smartwatches,Samsung,222600,172300,0.226,50,12,2020-01-18,,True,6.31
PRD0279,Garmin RayBan Meta 9,Wearables,Smart Glasses,Garmin,347900,268500,0.228,55,12,2021-11-02,,True,8.12
PRD0369,ESR GaN Charger 11,Mobile Accessories,Chargers & Cables,ESR,60700,33700,0.445,62,20,2023-08-16,,true,3.77
PRD0229,Samsung Galaxy Home 7,Smart Home,Smart Speakers,Samsung,92100,61400,33.3%,55,12,2019-01-23,2023-07-21,False,2.85
PRD0052,XIAOMI ULTRA CLEAR 10,Smartphones & Tablets,Screen Protectors,Xiaomi,22900,13700,0.404,55,20,2023-10-13,,True,2.57
PRD0160,Sony Camera Bag 10,Cameras & Photography,Camera Accessories,Sony,298100,211300,0.291,123,15,2023-01-03,,1,3.12
PRD0139,JBL SoundLink 11,Audio,Bluetooth Speakers,JBL,214100,158700,0.259,92,20,2022-02-10,,True,6.74
PRD0320,LG Wall Mount 8,TV & Displays,TV Accessories,LG,11800,6300,0.469,5,5,2021-06-09,,True,2.94
PRD0262,Fitbit Mi Band 7,Wearables,Fitness Bands,Fitbit,36400,23600,0.353,33,12,2022-05-28,,True,2.27
PRD0239,LG Video Doorbell 5,Smart Home,Home Security,LG,70000,50800,0.274,35,12,2019-07-09,,True,6.66
PRD0319,LG BenQ Home 8,TV & Displays,Projectors,LG,1523400,1328300,0.128,23,5,2021-08-26,,True,6.46
PRD0156,Nikon Battery Pack 7,Cameras & Photography,Camera Accessories,Nikon,289100,193300,0.331,32,15,2021-11-07,,True,7.37
PRD0057,Samsung Galaxy Book 1,Laptops & Computers,Laptops,Samsung,3173100,2875000,0.094,37,20,2019-03-08,2024-02-19,False,3.98
PRD0119,JBL SoundLink 2,Audio,Bluetooth Speakers,JBL,256400,183000,0.286,88,20,2022.09.25,,True,5.75
PRD0298,LG Neo QLED 3,TV & Displays,QLED TVs,LG,989600,888700,0.102,12,5,2020-06-25,,true,3.97
PRD0141,Bose QuietComfort 4,Audio,Over-Ear Headphones,Bose,700000,528600,0.245,116,20,2021-02-17,,True,6.29
PRD0061,Lenovo ThinkPad 2,Laptops & Computers,laptops,Lenovo,1162400,1039900,0.105,32,20,2023-08-23,,True,6.25
PRD0256,Xiaomi Air Purifier 11,Smart Home,Smart Appliances,Xiaomi,104800,84500,0.194,37,12,2021-03-12,,yes,3.33
PRD0027,Samsung Rugged Armor 11,Smartphones & Tablets,Phone Cases,Samsung,28400,15500,0.455,40,20,2023-04-22,,True,2.29
PRD0242,LG Ceiling Light Pro 6,Smart Home,Smart Lighting,LG,16200,10600,0.348,41,12,2021-12-23,,yes,6.66
PRD0081,Dell ThinkPad 7,Laptops & Computers,Laptops,Dell,555600,491000,0.116,16,20,2022-08-21,,True,1.77
PRD0066,Dell All-in-One 7,Laptops & Computers,Desktop PCs,Dell,2484600,2126700,0.144,39,20,2021-08-09,,True,1.07
PRD0042,OPPO Pad Pro 11,Smartphones & Tablets,Tablets,OPPO,427900,371300,0.132,58,20,2021-03-07,,yes,5.77
PRD0301,Hisense OLED G-Series 2,TV & Displays,OLED TVs,Hisense,1865600,1663700,10.8%,10,5,2020-01-02,,True,1.15
PRD0015,LG Clear Shield 4,Smartphones & Tablets,Phone Cases,LG,9100,4300,0.526,18,20,2023-02-24,,True,8.31
PRD0351,Corsair Facecam 7,Computer Peripherals,Webcams,Corsair,34000,24400,0.283,82,20,2020-04-11,,1,7.59
PRD0130,Sony Galaxy Buds 9,Audio,In-Ear Earbuds,Sony,92100,56600,0.386,28,20,2021-12-27,,True,2.05
PRD0266,Fitbit Galaxy Fit 5,Wearables,Fitness Bands,Fitbit,155400,118100,0.24,58,12,2023-04-05,,yes,2.14
PRD0290,Fitbit Mi Band 6,Wearables,Fitness Bands,Fitbit,48000,30400,0.367,37,12,2021-02-19,,True,5.74
PRD0142,AKG Galaxy Buds 11,Audio,In-Ear Earbuds,AKG,54800,34800,0.365,31,20,2020-07-05,2024-10-26,False,6.14
PRD0246,Google Ceiling Light Pro 10,Smart Home,Smart Lighting,Google,29600,18800,0.366,55,12,2023-12-14,,True,8.23
PRD0314,LG QNED 12,TV & Displays,QLED TVs,LG,2705400,2339000,0.135,20,5,2023-11-11,,True,5.91
PRD0383,Belkin Wall Bracket 3,Mobile Accessories,Phone Mounts,Belkin,12800,6800,0.471,80,20,2023-09-10,,True,7.32
PRD0241,XIAOMI MINI SMART SPEAKER 6,Smart Home,Smart Speakers,Xiaomi,101500,69600,0.315,25,12,2023-11-20,,True,5.15
PRD0309,Samsung OLED G-Series 10,TV & Displays,OLED TVs,Samsung,3774000,3367000,0.108,13,5,2021-03-06,,True,6.86
PRD0373,Anker Multi-Port Hub 5,MOBILE ACCESSORIES,Chargers & Cables,Anker,9000,5900,0.345,68,20,2022-07-27,,True,3.8
PRD0207,Razer BlackShark 5,Gaming,Gaming Headsets,Razer,91200,59900,0.343,26,10,2022-12-21,,True,8.44
PRD0145,Fujifilm D-Series 4,Cameras & Photography,DSLR Cameras,Fujifilm,1736900,1581100,0.09,161,15,2021-11-16,,True,7.94
PRD0338,Microsoft MX Master 3,Computer Peripherals,Mice & Trackpads,Microsoft,25800,16700,0.353,56,20,2023-04-02,,True,6.0
PRD0375,Samsung Car Vent Mount 2,Mobile Accessories,Phone Mounts,Samsung,41300,18900,0.543,95,20,2022-09-18,,True,3.9
PRD0397,Spigen GaN Charger 7,Mobile Accessories,Chargers & Cables,Spigen,14400,8000,0.445,75,20,2019-09-27,,True,6.83
PRD0053,Lenovo ThinkPad 9,Laptops & Computers,Laptops,Lenovo,2141400,1888200,0.118,65,20,2022-04-16,,True,4.15
PRD0278,Apple Mi Band 5,Wearables,Fitness Bands,Apple,101900,75400,0.26,49,12,2022.12.20,,TRUE,0.28
PRD0099,LG ViewFinity 11,Laptops and Computers,Monitors,LG,575200,₩492000,0.145,21,20,2021-10-12,,TRUE,7.74
PRD0029,Apple Find X 5,Smartphones & Tablets,Smartphones,Apple,324700,283200,0.128,48,20,2019-04-12,2023-09-23,False,5.22
PRD0042,OPPO Pad Pro 11,Smartphones & Tablets,Tablets,OPPO,427900,371300,0.132,58,20,2021-03-07,,yes,5.77
PRD0004,LG Tempered Glass 2,Smartphones & Tablets,Screen Protectors,LG,9200,4900,0.472,-2,20,2021-05-26,2023-09-04,False,0.72
PRD0023,Xiaomi Rugged Armor 8,Smartphones & Tablets,Phone Cases,Xiaomi,12700,7200,0.43,43,20,2019-07-01,,True,7.88
PRD0133,Bose WH-1000X 8,Audio,Over-Ear Headphones,Bose,160600,117500,0.268,49,20,2021-01-12,,True,3.95
PRD0341,Microsoft K-Series 4,Computer Peripherals,Keyboards,Microsoft,115500,77600,0.328,26,20,2021-07-17,2024-01-16,no,5.52
PRD0268,Xiaomi Smart Scale 12,Wearables,Health Monitors,Xiaomi,172700,124500,0.279,54,12,2023-06-19,,True,7.21
PRD0222,Logitech Arcade Stick 5,Gaming,Controllers & Accessories,Logitech,40100,30100,0.249,46,10,2021-04-16,,True,2.9
PRD0116,JBL HT-A 6,Audio,Soundbars,JBL,718900,530200,0.262,104,20,2021-02-27,2023-02-24,False,3.2
PRD0240,Xiaomi Smart Plug 4,Smart Home,Smart Appliances,Xiaomi,341900,260000,0.239,5,12,2022-08-04,,True,8.07
PRD0058,ASUS All-in-One 3,Laptops & Computers,Desktop PCs,ASUS,1214200,999200,0.177,13,20,2022-03-10,,yes,7.9
PRD0169,Sony EOS 9,Cameras & Photography,DSLR Cameras,Sony,529500,481000,0.092,152,15,2021-12-08,,True,7.61
PRD0090,LG Workstation 11,Laptops & Computers,Desktop PCs,LG,2366100,2115300,0.106,60,20,2022-05-11,,True,5.54
PRD0201,Nintendo PlayStation 11,Gaming,Gaming Consoles,Nintendo,660500,613800,0.071,32,10,2022-04-05,,True,6.37
PRD0188,Microsoft Mousepad XL 9,Gaming,Gaming Peripherals,Microsoft,48900,32200,0.341,48,10,2023-05-23,,True,4.18
PRD0354,Microsoft Magic Mouse 11,Computer Peripherals,Mice & Trackpads,Microsoft,50200,35700,0.289,103,20,2021-01-02,,True,3.2
PRD0391,Anker Bike Holder 8,Mobile Accessories,Phone Mounts,Anker,13700,7000,0.487,58,20,2020-03-24,,True,0.39
PRD0299,  Samsung CineBeam 3  ,TV & Displays,projectors,Samsung,1284200,1124500,0.124,30,5,2022-10-02,,true,2.82
PRD0103,Lenovo ProArt 2,Laptops & Computers,Monitors,Lenovo,610300,514000,0.158,38,20,2022-09-11,,True,5.52
PRD0244,Google Air Purifier 12,Smart Home,Smart Appliances,Google,202800,149100,26.5%,57,12,2021-05-27,,True,7.21
PRD0223,Razer Barracuda 8,Gaming,Gaming Headsets,Razer,56100,36600,0.347,37,10,2020-12-18,,True,8.42
PRD0178,Fujifilm X-Series 5,Cameras & Photography,Mirrorless Cameras,Fujifilm,1841100,1609400,0.126,69,15,2021-07-02,,True,3.11
PRD0284,Samsung Smart Scale 12,Wearables,Health Monitors,Samsung,54800,34400,0.373,12,12,2020-04-03,,yes,3.88
PRD0357,Razer K65 RGB 11,COMPUTER PERIPHERALS,Keyboards,Razer,296300,214900,0.275,113,20,2023-06-25,,True,3.46
PRD0372,ESR MagSafe Pad 1,Mobile Accessories,Wireless Accessories,ESR,57200,39700,0.307,106,20,2023-08-28,,True,4.2
PRD0247,Google Smart Cam 2,Smart Home,Home Security,Google,₩261000,183100,0.299,30,12,2021-11-20,2024-11-21,False,8.22
PRD0102,Lenovo All-in-One 2,Laptops & Computers,Desktop PCs,Lenovo,1703500,1531300,0.101,96,20,2022-08-12,,True,2.27
PRD0297,Sony OLED evo 7,TV & Displays,OLED TVs,Sony,2889200,2588400,0.104,27,5,2021-05-08,2022-03-25,False,4.99
PRD0293,Fitbit Watch Ultra 12,Wearables,Smartwatches,Fitbit,564000,411000,0.271,58,12,2020-01-14,2024-06-21,False,5.91
PRD0060,Dell NVMe SSD 10,Laptops & Computers,PC Components,Dell,312900,255100,0.185,53,20,2021-06-03,,True,0.16
PRD0217,Nintendo Xbox Series 6,gaming,Gaming Consoles,Nintendo,548000,485200,11.5%,15,10,2023-02-18,,True,0.49
PRD0075,Dell UltraSharp 7,Laptops & Computers,Monitors,Dell,190400,164100,0.138,49,20,2020-05-27,2022-03-26,False,5.08
PRD0080,Lenovo NVMe SSD 8,Laptops & Computers,PC Components,Lenovo,39100,32200,0.175,10,20,2020-07-28,,True,5.61
PRD0371,Belkin Car Vent Mount 7,Mobile Accessories,phone mounts,Belkin,32700,19600,0.4,117,20,2021-11-21,,True,7.03
PRD0165,Nikon K-Series 12,Cameras & Photography,DSLR Cameras,Nikon,450600,397500,0.118,64,15,2023-03-23,,True,6.76
PRD0082,Dell Tower PC 5,Laptops & Computers,Desktop PCs,Dell,892800,753600,15.6%,100,20,2020-11-20,,True,1.39
PRD0051,Apple Rugged Armor 12,Smartphones & Tablets,Phone Cases,Apple,11100,6700,0.393,17,20,2021-06-18,,True,1.8
PRD0368,Logitech T7 Shield 2,Computer Peripherals,External Storage,Logitech,88100,69700,0.209,58,20,2022-11-15,,TRUE,6.63
PRD0175,Canon HERO 1,Cameras & Photography,Action Cameras,Canon,168200,142800,0.151,103,15,2022-04-28,,True,7.94
PRD0366,Samsung DeathAdder 6,Computer Peripherals,Mice & Trackpads,Samsung,41000,29100,0.29,53,20,2022-12-03,,True,1.6
PRD0195,Sony Barracuda 8,Gaming,Gaming Headsets,Sony,58200,38400,0.34,39,10,2023-05-02,,True,5.14
PRD0224,Sony Mechanical KB 2,Gaming,Gaming Peripherals,Sony,339400,237500,0.3,17,10,2022-07-05,,true,0.62
PRD0054,Lenovo All-in-One 11,Laptops & Computers,DESKTOP PCS,Lenovo,1388600,1204800,0.132,78,20,2020-08-05,,True,0.28
PRD0363,Samsung StreamCam 6,Computer Peripherals,Webcams,Samsung,51500,42200,0.182,73,20,2019-02-27,,True,1.31
PRD0250,Samsung Hue Color 12,Smart Home,Smart Lighting,Samsung,14700,9800,0.333,35,12,2021-4-17,,1,0.87
PRD0370,Samsung Magnetic Pack 11,Mobile Accessories,Power Banks,Samsung,37700,23800,0.37,38,20,2022-12-19,,True,8.31
PRD0304,Samsung TV Remote Pro 11,TV & Displays,TV Accessories,Samsung,26700,16800,0.371,7,5,2023-05-09,,True,0.34
PRD0379,Spigen Desk Stand 8,Mobile Accessories,Phone Mounts,Spigen,43800,26800,0.388,117,20,2021-07-02,,True,5.73
PRD0285,Xiaomi Galaxy Watch 5,Wearables,Smartwatches,Xiaomi,339300,251400,0.259,27,12,2020-01-23,2022-03-16,False,4.47
PRD0274,Samsung Galaxy Fit 12,Wearables,Fitness Bands,Samsung,57600,43800,0.239,19,12,2023-12-05,,True,3.29
PRD0067,LG ProArt 2,Laptops & Computers,Monitors,LG,703000,565200,0.196,45,20,2022-04-07,,True,6.17
PRD0163,Nikon Osmo Action 2,Cameras & Photography,Action Cameras,Nikon,104800,90700,0.135,86,15,2021-09-04,,True,6.0
PRD0174,Nikon EOS R 7,Cameras & Photography,Mirrorless Cameras,Nikon,632000,567400,0.102,88,15,2022-06-08,,True,3.85
PRD0112,AKG S-Series 10,Audio,Soundbars,AKG,88400,64200,0.274,13,20,2023-09-10,,true,0.56
PRD0398,Spigen Ultra-Thin Bank 1,Mobile Accessories,Power Banks,Spigen,36300,23200,0.361,108,20,2021-02-04,,True,4.6
PRD0085,Dell Inspiron 12,Laptops & Computers,Laptops,Dell,2767500,2378700,0.14,74,20,2021-07-11,,True,2.31
PRD0182,Logitech Pro Controller 10,Gaming,Controllers & Accessories,Logitech,56800,38400,0.324,4,10,2022-12-19,,True,3.16
PRD0339,Razer Facecam 8,Computer Peripherals,Webcams,Razer,96000,71400,0.256,86,20,2020-01-08,,True,3.82
PRD0100,ASUS CPU Cooler 3,Laptops & Computers,PC Components,ASUS,54700,42200,0.229,44,20,2023-06-17,,True,7.07
PRD0033,OPPO Reno 7,Smartphones & Tablets,Smartphones,OPPO,756500,674100,0.109,116,20,2023/12/05,,True,3.17
PRD0148,Nikon SD Card Pro 3,Cameras & Photography,Camera Accessories,Nikon,11400,7000,0.388,134,15,2021-03-25,,True,5.25
PRD0016,OPPO Privacy Guard 3,Smartphones & Tablets,Screen Protectors,OPPO,14500,6000,0.589,37,20,2020-09-28,,TRUE,7.9
PRD0265,Apple Fenix 12,Wearables,Smartwatches,Apple,150900,113400,0.249,13,12,2023-09-22,,True,8.19
PRD0296,Samsung BP Monitor 9,Wearables,health monitors,Samsung,27200,17600,0.351,13,12,2019-10-02,,True,2.05
PRD0322,TCL QNED 10,tv & displays,QLED TVs,TCL,2402400,2183800,0.091,20,5,2020-04-07,,true,6.15
PRD0238,Xiaomi Ceiling Light Pro 1,Smart Home,Smart Lighting,Xiaomi,22000,14400,0.346,15,12,2019-09-08,,True,5.84
PRD0087,ASUS FlatronW 9,Laptops & Computers,Monitors,ASUS,328700,264700,0.195,39,20,2023-12-08,,True,7.28
PRD0038,Apple Galaxy Tab S 11,Smartphones & Tablets,Tablets,Apple,271100,236900,0.126,61,20,2023-05-12,,TRUE,5.79
PRD0003,Xiaomi Thin Fit 5,Smartphones & Tablets,Phone Cases,Xiaomi,46300,30000,0.351,29,20,2022-12-14,,1,1.87
PRD0063,LG Odyssey 10,Laptops & Computers,Monitors,LG,533700,453500,0.15,55,20,2019-06-06,,True,6.79
PRD0140,Samsung HW-Q Series 11,Audio,Soundbars,Samsung,374600,284300,0.241,53,20,2019-05-06,,True,8.06
PRD0166,Canon Alpha 4,Cameras & Photography,Mirrorless Cameras,Canon,2066900,1872200,0.094,139,15,2021-06-18,,True,6.84
PRD0315,Hisense TK-Series 4,TV and Displays,Projectors,Hisense,925900,773000,16.5%,8,5,2021-12-23,,True,6.21
PRD0074,ASUS Mini PC 4,Laptops & Computers,Desktop PCs,ASUS,678200,595000,0.123,43,20,2023-02-22,,True,6.71
PRD0194,Sony DualSense 11,Gaming,controllers & accessories,Sony,89200,64200,0.28,14,10,2022-01-06,,True,7.94
PRD0105,Samsung Live 8,Audio,Over-Ear Headphones,Samsung,133100,83600,0.372,103,20,2022-09-14,,True,1.36
PRD0275,Samsung Echo Frames 6,Wearables,Smart Glasses,Samsung,249700,188600,0.245,14,12,2021-03-21,,True,0.63
PRD0017,Apple Reno 5,Smartphones & Tablets,Smartphones,Apple,549600,465100,0.154,38,20,2021-09-15,,True,0.59
PRD0233,Samsung Nest Audio 1,Smart Home,Smart Speakers,Samsung,58500,41800,0.285,43,12,2019/10/25,,1,3.4
PRD0089,Lenovo Galaxy Book 3,Laptops & Computers,Laptops,Lenovo,1328800,1167600,0.121,68,20,2023-08-04,,True,0.18
PRD0221,Razer Switch 4,Gaming,Gaming Consoles,Razer,452500,416800,0.079,19,10,2022-04-24,,true,4.73
PRD0103,Lenovo ProArt 2,Laptops & Computers,Monitors,Lenovo,610300,514000,0.158,38,20,2022-09-11,,True,5.52
PRD0171,Canon Osmo Action 11,Cameras & Photography,Action Cameras,Canon,₩306200,247400,0.192,27,15,2021-10-02,,True,0.74
PRD0071,Dell ViewFinity 3,Laptops and Computers,Monitors,Dell,204600,170800,0.165,63,20,2021-04-04,,True,5.17
PRD0134,Sony Galaxy Buds 6,Audio,In-Ear Earbuds,Sony,241600,178400,0.262,59,20,2023-02-20,,TRUE,3.96
PRD0205,Razer Xbox Series 9,Gaming,Gaming Consoles,Razer,466800,425000,0.089,4,10,2022-11-26,,1,3.4
PRD0234,Xiaomi Hue Color 11,Smart Home,Smart Lighting,Xiaomi,21000,11600,0.449,32,12,2021-06-18,,True,1.62
PRD0146,Sony EOS R 2,Cameras & Photography,Mirrorless Cameras,Sony,1962400,1773300,0.096,76,15,2023-03-27,,True,6.95
PRD0272,Garmin Blood Glucose Meter 5,Wearables,Health Monitors,Garmin,24800,17900,0.278,51,12,2019-11-21,2023-11-10,False,5.96
PRD0019,Xiaomi Leather Wallet 9,smartphones & tablets,Phone Cases,Xiaomi,10700,5000,0.537,113,20,2022-08-08,,True,3.49
PRD0317,LG OLED evo 12,TV & Displays,OLED TVs,LG,922600,848000,0.081,24,5,2021-11-03,,True,5.45
PRD0021,Xiaomi Reno 6,Smartphones & Tablets,Smartphones,Xiaomi,1214300,1082300,0.109,41,20,2020-09-15,2022-05-15,False,7.44
PRD0056,Lenovo GPU 7,Laptops & Computers,PC Components,Lenovo,63900,53800,0.158,54,20,2019-09-02,,True,1.94
PRD0236,LG Smart Humidifier 6,Smart Home,Smart Appliances,LG,165500,133900,0.191,11,12,2023-08-12,,True,1.17
PRD0351,Corsair Facecam 7,Computer Peripherals,Webcams,Corsair,34000,24400,0.283,82,20,2020-04-11,,1,7.59
PRD0294,Samsung Amazfit Band 1,Wearables,Fitness Bands,Samsung,126600,91100,0.28,20,12,2022-05-04,,True,3.6
PRD0255,Xiaomi Smart Lock 10,Smart Home,Home Security,Xiaomi,90500,70800,0.217,48,12,2021-08-20,,1,6.02
PRD0151,Canon Osmo Action 5,Cameras & Photography,Action Cameras,Canon,215800,179300,0.169,41,15,2020-07-06,,True,4.47
PRD0158,Fujifilm EOS R 9,Cameras & Photography,Mirrorless Cameras,Fujifilm,₩806300,737800,0.085,66,15,2021-07-20,,yes,4.66
PRD0325,Samsung Bravia OLED 2,TV & Displays ,OLED TVs,Samsung,1407700,1289700,0.084,20,5,2021-11-09,,True,3.32
PRD0295,Samsung RayBan Meta 12,Wearables,Smart Glasses,Samsung,221100,175400,0.207,28,12,2020-09-14,,True,3.92
PRD0098,Samsung Workstation 5,Laptops & Computers,Desktop PCs,Samsung,1657500,1461200,0.118,42,20,2022-04-21,,True,5.78
PRD0327,Samsung CineBeam 11,TV & Displays,Projectors,Samsung,441400,378100,0.143,29,5,2023-10-08,,True,3.32
PRD0155,Canon HERO 12,Cameras & Photography,Action Cameras,Canon,401800,338900,0.157,30,15,2021-01-26,,True,2.72
PRD0123,Sony SRS-XB 3,Audio,Bluetooth Speakers,Sony,250600,198600,0.207,87,20,2019-08-22,,True,3.79
PRD0114,JBL FreeBuds 7,Audio,In-Ear Earbuds,JBL,393600,263900,33.0%,99,20,2021-10-14,,True,1.02
PRD0203,Logitech BlackShark 9,Gaming,Gaming Headsets,Logitech,98400,65700,0.333,39,10,2019-10-04,2024-09-07,false,4.58
PRD0271,Fitbit Echo Frames 2,Wearables,Smart Glasses,Fitbit,544100,422400,0.224,13,12,2021-07-07,,True,7.5
PRD0109,Samsung WH-1000X 9,Audio,Over-Ear Headphones,Samsung,86400,64400,0.255,86,20,2023-06-25,,True,0.07
PRD0380,Samsung Wireless Stand 8,Mobile Accessories,Wireless Accessories,Samsung,59000,32900,0.443,16,20,2020-08-01,,TRUE,4.72
PRD0095,ASUS Odyssey 5,Laptops & Computers,Monitors,ASUS,600200,485000,0.192,19,20,2021-05-22,,True,3.78
PRD0386,ESR Magnetic Pack 7,Mobile Accessories,Power Banks,ESR,101900,67400,0.339,35,20,2019-03-02,,True,2.31
PRD0126,Bose Elite 3,Audio,In-Ear Earbuds,Bose,29500,19800,0.33,55,20,2020-09-27,,True,0.66
PRD0254,Google Hue Color 9,Smart Home,Smart Lighting,Google,16600,11000,0.335,38,12,2021-05-22,,True,8.21
PRD0396,  Samsung MagSafe Pad 11  ,Mobile Accessories,Wireless Accessories,Samsung,30800,20900,0.321,97,20,2022-10-08,,True,7.53
PRD0092,ASUS DDR5 RAM 12,Laptops & Computers,PC Components,ASUS,39300,29600,0.248,31,20,2022-12-28,,True,5.91
PRD0394,ESR Slim Power 3,Mobile Accessories,Power Banks,ESR,57100,35200,0.384,54,20,2020-09-18,,True,1.92
PRD0347,Razer Kiyo Pro 11,Computer Peripherals,Webcams,Razer,102700,74500,0.274,118,20,2023-11-12,,True,1.49
PRD0270,Garmin Amazfit Band 9,Wearables,Fitness Bands,Garmin,89800,61900,0.311,7,12,2021-06-22,,True,0.89
PRD0213,Logitech Switch 10,Gaming,Gaming Consoles,Logitech,529700,478300,0.097,36,10,2021-05-05,,1,1.92
PRD0189,Razer Switch 9,Gaming,Gaming Consoles,Razer,668600,597900,0.106,27,10,2021-02-19,,True,7.62
PRD0337,Microsoft Apex Pro 1,Computer Peripherals,Keyboards,Microsoft,80700,60900,0.245,118,20,2021-09-13,,True,4.48
PRD0025,Samsung Find X 12,Smartphones & Tablets,Smartphones,Samsung,729100,612600,0.16,119,20,2019-10-16,,True,4.54
PRD0264,Fitbit Blood Glucose Meter 10,Wearables,Health Monitors,Fitbit,27600,20600,0.253,22,12,2020-01-19,,True,5.09
PRD0377,Spigen GaN Charger 2,Mobile Accessories,chargers & cables,Spigen,46000,30200,0.344,76,20,2021-11-26,,TRUE,3.21
PRD0127,Sony Boombox 1,Audio,Bluetooth Speakers,Sony,109400,86200,0.212,91,20,2021-07-19,,True,3.58
PRD0335,Samsung TK-Series 5,tv & displays,Projectors,Samsung,409200,340700,0.167,10,5,2023-11-04,,True,1.19
PRD0079,Samsung Odyssey 6,Laptops & Computers,Monitors,Samsung,350600,299500,0.146,73,20,2020-03-11,,True,2.49
PRD0208,Razer Wrist Rest 7,Gaming,Gaming Peripherals,Razer,61600,43000,0.302,25,10,2022-09-05,,True,1.05
PRD0179,Nikon HERO 7,Cameras & Photography,Action Cameras,Nikon,246800,202100,0.181,52,15,2021-10-22,,True,8.29
PRD0232,Samsung Smart Plug 3,Smart Home,Smart Appliances,Samsung,249200,187400,0.248,53,12,2023-11-18,,True,6.3
PRD0288,Apple Smart Scale 3,Wearables,Health Monitors,Apple,36000,27500,0.236,37,12,2022-12-04,,True,0.07
PRD0306,Hisense QNED 11,TV and Displays,QLED TVs,Hisense,2964500,2614500,0.118,18,5,2019-07-26,,True,4.65
PRD0343,Corsair Facecam 4,Computer Peripherals,Webcams,Corsair,87900,64900,0.261,75,20,2023-07-19,,True,8.5
PRD0378,Samsung PowerCore 3,Mobile Accessories,Power Banks,Samsung,53900,32900,0.39,35,20,2022-07-04,,True,1.63
PRD0062,ASUS Workstation 8,laptops & computers,Desktop PCs,ASUS,888600,747800,0.158,45,20,2021-04-27,,TRUE,7.5
PRD0345,Razer K-Series 3,Computer Peripherals,Keyboards,Razer,81200,60200,0.258,97,20,2019-10-13,,True,1.23
PRD0094,LG Tower PC 3,Laptops & Computers,Desktop PCs,LG,462300,383900,0.17,28,20,2022-04-16,,True,2.01
PRD0332,TCL HDMI Cable 7,TV & Displays,TV Accessories,TCL,14100,8300,0.413,6,5,2022-02-04,,True,6.69
PRD0228,Xiaomi Smart Humidifier 8,Smart Home,Smart Appliances,Xiaomi,249700,175100,0.299,46,12,2020-11-27,,True,8.43
PRD0070,Lenovo Workstation 6,Laptops & Computers,Desktop PCs,Lenovo,560800,502400,0.104,61,20,2023-08-04,,True,4.21
PRD0037,Samsung Redmi Note 1,Smartphones & Tablets,Smartphones,Samsung,1361600,1201200,0.118,111,20,2023-08-12,,True,7.41
PRD0041,APPLE GALAXY Z FOLD 7,Smartphones & Tablets,Smartphones,Apple,287000,243000,0.153,102,20,2021-06-22,,True,7.66
PRD0161,Canon EOS 3,Cameras & Photography,DSLR Cameras,Canon,1894500,1653000,0.127,113,15,2021-03-03,,True,3.11
PRD0359,Razer C-Series 10,Computer Peripherals,Webcams,Razer,296300,219400,0.259,63,20,2022-01-02,,TRUE,3.8
PRD0012,OPPO Tempered Glass 11,Smartphones & Tablets ,Screen Protectors,OPPO,15900,7400,0.536,24,20,2022-05-25,,True,2.53
PRD0145,Fujifilm D-Series 4,Cameras & Photography,DSLR Cameras,Fujifilm,1736900,1581100,0.09,161,15,2021-11-16,,True,7.94
PRD0282,Samsung Galaxy Fit 7,Wearables,Fitness Bands,Samsung,78400,53300,0.321,10,12,2021-07-14,,True,5.46
PRD0288,Apple Smart Scale 3,Wearables,Health Monitors,Apple,36000,27500,0.236,37,12,2022-12-04,,True,0.07
PRD0245,Amazon Mini Smart Speaker 3,Smart Home,Smart Speakers,Amazon,138600,98900,0.286,9,12,2022-12-14,,True,3.84
PRD0128,Sony Soundbar Pro 1,Audio,Soundbars,Sony,740100,591600,0.201,56,20,2023-08-27,,True,0.79
PRD0237,LG Mini Smart Speaker 8,Smart Home,Smart Speakers,LG,122500,82500,0.327,43,12,2020-02-12,,True,5.1
PRD0185,Microsoft PlayStation 10,Gaming,Gaming Consoles,Microsoft,675300,636300,0.058,35,10,2019-06-14,2024-04-14,False,6.6
PRD0047,Samsung Silicone Cover 7,Smartphones & Tablets,Phone Cases,Samsung,12900,6300,0.511,118,20,2022-08-02,,True,1.08
PRD0249,Xiaomi Mini Smart Speaker 8,Smart Home,Smart Speakers,Xiaomi,173300,114700,0.338,23,12,2021-06-01,,True,3.56
PRD0307,TCL TK-Series 10,TV & Displays,Projectors,TCL,636000,552600,0.131,28,5,2020-06-20,,True,6.63
PRD0392,Belkin NFC Card 3,Mobile Accessories,Wireless Accessories,Belkin,21000,12100,0.424,15,20,2019-08-23,,True,1.35
PRD0177,Nikon EOS 1,Cameras & Photography,DSLR Cameras,Nikon,669900,588300,0.122,22,15,2023-11-16,,True,7.21
PRD0211,Sony Cloud Alpha 4,Gaming,Gaming Headsets,Sony,45800,31400,0.315,18,10,2021-11-23,,1,6.31
PRD0129,Sony QuietComfort 7,Audio,Over-Ear Headphones,Sony,236500,164600,0.304,52,20,2021-05-24,,True,6.63
PRD0144,Samsung HT-A 8,Audio,Soundbars,Samsung,641300,510900,0.203,46,20,2022-10-15,,true,6.63
PRD0008,Apple Matte Film 1,Smartphones & Tablets,Screen Protectors,Apple,7200,4300,0.406,82,20,2021-05-03,,True,7.46
PRD0356,Logitech One Touch 9,Computer Peripherals,External Storage,Logitech,137800,114800,0.167,76,20,2023-05-10,,True,5.09
PRD0257,GOOGLE ECHO 10,Smart Home,Smart Speakers,Google,92700,66900,0.278,16,12,2022-12-21,,true,4.74
PRD0311,TCL TK-Series 3,TV & Displays,Projectors,TCL,618700,552400,0.107,3,5,2020-04-01,,true,2.85
PRD0180,Fujifilm Camera Bag 6,Cameras and Photography,CAMERA ACCESSORIES,Fujifilm,66700,46400,0.305,30,15,2020-10-17,,True,0.43
PRD0173,Fujifilm K-Series 8,Cameras & Photography,DSLR Cameras,Fujifilm,457200,418700,0.084,175,15,2021-08-15,,true,1.26
PRD0218,Razer DualSense 2,Gaming,Controllers & Accessories,Razer,42900,29400,0.314,24,10,2022-09-07,,True,2.61
PRD0303,TCL EH-Series 2,TV & Displays,Projectors,TCL,1607300,1339900,0.166,-8,5,2021-01-15,2024-07-27,no,3.39
PRD0385,Anker Multi-Port Hub 12,Mobile Accessories,Chargers & Cables,Anker,10400,6500,0.37,96,20,2021-10-22,,True,6.37
PRD0009,LG Galaxy A 11,Smartphones & Tablets,Smartphones,LG,669800,555400,0.171,105,20,2022-03-09,,True,4.79
PRD0157,Nikon K-Series 2,Cameras & Photography,DSLR Cameras,Nikon,1730800,1539400,0.111,67,15,2021-08-13,,True,4.24
PRD0028,  Apple Matte Film 8  ,Smartphones & Tablets,screen protectors,Apple,8300,3700,0.55,22,20,2019-08-20,,True,0.67
PRD0302,TCL Crystal UHD 11,TV & Displays,QLED TVs,TCL,1424300,1246100,0.125,5,5,2022-05-27,,True,1.72
PRD0361,Razer K-Series 7,Computer Peripherals,Keyboards,Razer,189700,144800,0.237,23,20,2022-02-10,,True,4.26
PRD0059,Dell Odyssey 7,Laptops & Computers,Monitors,Dell,1062500,918100,0.136,-21,20,2022-11-08,,True,2.6
PRD0206,  Sony Elite Controller 10  ,Gaming,Controllers & Accessories,Sony,34500,25400,0.264,7,10,2022-09-02,,True,8.38
PRD0065,Lenovo ThinkPad 8,Laptops & Computers,Laptops,Lenovo,2339200,2136800,0.087,84,20,2020-12-08,,True,3.17
PRD0083,Dell ViewFinity 9,Laptops & Computers,Monitors,Dell,350400,302100,0.138,92,20,2023-02-15,,True,7.08
PRD0282,Samsung Galaxy Fit 7,Wearables,Fitness Bands,Samsung,78400,53300,0.321,10,12,2021-07-14,,True,5.46
PRD0214,Nintendo Pro Controller 1,Gaming,Controllers & Accessories,Nintendo,86300,61400,0.289,38,10,2022-03-21,,True,4.24
PRD0281,Xiaomi Venu 6,Wearables,Smartwatches,Xiaomi,261700,209200,0.201,5,12,2021-02-01,,True,2.27
PRD0154,Nikon X-Series 1,Cameras & Photography,Mirrorless Cameras,Nikon,940000,845700,0.1,142,15,2022-11-15,,True,5.39
PRD0049,OPPO Redmi Note 3,Smartphones & Tablets,Smartphones,OPPO,1085200,₩935500,0.138,108,20,2021-04-27,,True,6.62
PRD0209,Logitech Steam Deck 9,Gaming,Gaming Consoles,Logitech,382300,337000,0.119,49,10,2023-01-10,,True,4.65
PRD0328,Hisense TV Remote Pro 9,TV & Displays,tv accessories,Hisense,48600,24900,0.487,15,5,2022-04-16,,True,7.68
PRD0032,Samsung Tempered Glass 11,Smartphones & Tablets ,Screen Protectors,Samsung,9900,5400,0.455,30,20,2019-03-21,,TRUE,6.31
PRD0002,Samsung Galaxy Tab S 2,Smartphones & Tablets,Tablets,Samsung,286200,246000,0.14,79,20,2019-04-23,,TRUE,3.59
PRD0172,Nikon SD Card Pro 10,Cameras & Photography,Camera Accessories,Nikon,41200,27000,0.346,97,15,2021-11-18,,True,4.13
PRD0269,Samsung Venu 11,Wearables,Smartwatches,Samsung,337800,262500,0.223,22,12,2019-09-13,2023-04-16,False,2.78
PRD0014,LG Pad Air 10,Smartphones & Tablets,Tablets,LG,274400,238800,0.13,72,20,2020-09-01,,True,0.21
PRD0376,Belkin NFC Card 1,Mobile Accessories,WIRELESS ACCESSORIES,Belkin,81900,47200,0.424,94,20,2021-10-20,,True,3.12
PRD0010,LG Pad Air 7,Smartphones & Tablets,Tablets,LG,1207800,1048400,0.132,106,20,2020-03-17,,1,0.45
PRD0147,Nikon HERO 7,Cameras & Photography,Action Cameras,Nikon,110000,92400,0.16,101,15,2020-02-12,,True,7.92
PRD0267,Fitbit AR Lens 3,Wearables,Smart Glasses,Fitbit,334000,253700,0.24,54,12,2021-08-03,,True,0.84
PRD0334,Hisense TCL QLED 1,TV & Displays,QLED TVs,Hisense,888000,762300,0.142,11,5,2022-01-24,,True,0
PRD0381,Spigen Travel Adapter 9,Mobile Accessories,Chargers & Cables,Spigen,48300,25000,0.482,23,20,2022-03-24,,true,3.32
PRD0096,ASUS GPU 11,Laptops & Computers,PC Components,ASUS,535500,418200,0.219,119,20,2021-05-07,,yes,4.13
PRD0035,LG Thin Fit 7,Smartphones & Tablets,Phone Cases,LG,66100,33100,0.5,112,20,2023-04-28,,True,6.9
PRD0097,LG ThinkPad 10,Laptops & Computers,Laptops,LG,1005400,904100,10.1%,45,20,2022-01-27,,True,0.12
PRD0400,Spigen MagSafe Pad 12,Mobile Accessories,Wireless Accessories,Spigen,62500,44700,0.284,32,20,2022-01-03,,True,6.76
PRD0260,LG SMART PLUG 1,Smart Home,Smart Appliances,LG,139200,105200,0.245,54,12,2020-08-19,,True,4.24
PRD0117,Samsung Studio Pro 1,Audio,Over-Ear Headphones,Samsung,235000,162200,0.31,95,20,2021-02-14,,yes,8.0
PRD0046,Xiaomi Pad Air 2,Smartphones & Tablets,Tablets,Xiaomi,472700,391900,0.171,61,20,2022-12-23,,True,2.11
PRD0162,Sony GH-Series 3,Cameras & Photography,Mirrorless Cameras,Sony,1688000,1456900,0.137,113,15,2021-02-19,,True,3.41
PRD0342,Microsoft MX Master 4,Computer Peripherals,Mice & Trackpads,Microsoft,30500,19900,0.349,58,20,2021-12-21,,True,7.25
PRD0118,Bose Galaxy Buds 5,audio,In-Ear Earbuds,Bose,120800,84200,0.303,38,20,2022-04-05,,True,7.21
PRD0078,ASUS Mini PC 3,Laptops and Computers,Desktop PCs,ASUS,947400,803300,0.152,114,20,2023-03-19,,1,4.21
PRD0323,Hisense TK-Series 11,TV & Displays,Projectors,Hisense,382400,336900,0.119,7,5,2019-10-18,,TRUE,0.51
PRD0064,ASUS GPU 10,Laptops & Computers,PC Components,ASUS,245100,201600,0.178,107,20,2019-04-03,2023-8-18,False,2.08
PRD0231,Xiaomi Smart Cam 3,Smart Home,Home Security,Xiaomi,409200,308100,0.247,50,12,2023-10-05,,True,6.99
PRD0187,Razer Arctis 9,Gaming,Gaming Headsets,Razer,81700,53600,0.344,42,10,2022-11-26,,True,0
PRD0348,Microsoft T7 Shield 5,Computer Peripherals,External Storage,Microsoft,38600,32300,0.163,97,20,2021-09-25,,True,7.65
PRD0200,Logitech Mechanical KB 5,Gaming,Gaming Peripherals,Logitech,141700,98600,0.304,28,10,2019-02-15,,True,5.85
PRD0362,Microsoft DeathAdder 5,Computer Peripherals,Mice & Trackpads,Microsoft,155600,97100,0.376,80,20,2021-07-10,,true,4.24
PRD0122,AKG WF-Series 7,Audio,In-Ear Earbuds,AKG,70300,49100,0.301,82,20,2021-12-11,,True,5.09
PRD0382,ESR Magnetic Pack 9,Mobile Accessories,Power Banks,ESR,118100,80200,0.321,60,20,2022-12-25,,True,8.19
PRD0355,Logitech Facecam 9,COMPUTER PERIPHERALS,Webcams,Logitech,46500,34400,0.261,54,20,2022-04-08,,True,2.69
PRD0159,Nikon HERO 2,Cameras & Photography,Action Cameras,Nikon,180000,154100,0.144,133,15,2021-12-14,,true,3.02
PRD0086,Samsung All-in-One 12,Laptops & Computers,Desktop PCs,Samsung,691300,589700,0.147,78,20,2023-08-28,,True,4.14
PRD0226,Samsung Ceiling Light Pro 1,Smart Home,Smart Lighting,Samsung,10500,6300,0.403,49,12,2022-05-01,,True,5.75
PRD0263,Samsung AR Lens 2,Wearables,Smart Glasses,Samsung,439600,336100,0.236,50,12,2023-10-23,,True,5.21
PRD0331,TCL BenQ Home 9,TV & Displays,Projectors,TCL,423800,372100,0.122,21,5,2021-01-26,,True,4.47
PRD0077,Samsung ThinkPad 12,Laptops & Computers,Laptops,Samsung,936200,844900,0.098,85,20,2019-11-27,,True,8.08
PRD0321,TCL OLED G-Series 12,tv & displays,OLED TVs,TCL,917900,811000,0.117,18,5,2023-06-20,,True,6.0
PRD0308,Samsung TV Remote Pro 9,TV & Displays,TV Accessories,Samsung,22800,13300,41.7%,10,5,2020-03-04,,True,2.3
PRD0088,Lenovo NVMe SSD 6,Laptops & Computers,PC Components,Lenovo,279300,217700,22.1%,93,20,2023-07-22,,True,8.34
PRD0008,Apple Matte Film 1,Smartphones & Tablets,Screen Protectors,Apple,7200,4300,0.406,82,20,2021-05-03,,True,7.46
PRD0183,Sony Barracuda 10,Gaming,Gaming Headsets,Sony,74400,47300,0.364,19,10,2023-11-01,,True,8.22
PRD0106,Bose Galaxy Buds 8,Audio,In-Ear Earbuds,Bose,126500,77100,0.391,66,20,2021-12-12,,True,8.08
PRD0050,Xiaomi Galaxy Tab A 5,Smartphones and Tablets,Tablets,Xiaomi,457400,385500,0.157,20,20,2020-06-11,,True,1.22
PRD0006,Samsung Galaxy Tab A 2,Smartphones & Tablets,Tablets,Samsung,403000,348100,0.136,95,20,2023-03-12,,True,2.31
PRD0018,Samsung Pad Air 9,Smartphones & Tablets,Tablets,Samsung,293200,258700,0.118,75,20,2019-11-02,2022-06-03,0,2.06
PRD0235,Google Smart Lock 2,Smart Home,Home Security,Google,263400,199000,0.244,29,12,2020-02-03,,True,6.06
PRD0329,Samsung OLED G-Series 2,TV & Displays,OLED TVs,Samsung,4556000,4159900,8.7%,7,5,2023-03-07,,True,0.41
PRD0107,JBL JBL Charge 11,Audio,Bluetooth Speakers,JBL,84300,56000,0.335,25,20,2022-01-13,,yes,8.07
PRD0135,AKG JBL CHARGE 8,Audio,Bluetooth Speakers,AKG,387100,276500,0.286,17,20,2020-10-16,,True,3.86
PRD0333,Hisense OLED evo 7,TV & Displays,OLED TVs,Hisense,1298100,1169200,0.099,15,5,2022-08-02,,TRUE,1.27
PRD0227,LG Smart Cam 2,Smart Home,Home Security,LG,131200,100200,0.236,55,12,2022-05-27,,1,3.4
PRD0215,Nintendo Barracuda 9,Gaming,Gaming Headsets,Nintendo,76000,54200,0.287,33,10,2020-07-06,,True,2.09
PRD0191,Microsoft Arctis 9,Gaming,Gaming Headsets,Microsoft,162600,123300,0.242,45,10,2022-10-08,,True,7.7
PRD0364,Logitech My Passport 12,Computer Peripherals,External Storage,Logitech,195500,148500,24.0%,16,20,2022-08-10,,True,0.89
PRD0283,Xiaomi RayBan Meta 5,Wearables,Smart Glasses,Xiaomi,168400,132700,0.212,42,12,2023-03-18,,True,5.41
PRD0030,OPPO Galaxy Tab S 11,Smartphones & Tablets,Tablets,OPPO,1017800,891600,0.124,23,20,2022-03-09,,True,6.32
PRD0170,Sony EOS R 4,Cameras & Photography,Mirrorless Cameras,Sony,1560100,1383700,0.113,148,15,2020.05.20,,yes,5.47
PRD0181,Microsoft Switch 8,Gaming,Gaming Consoles,Microsoft,501700,471400,0.06,23,10,2023-03-11,,True,1.42
PRD0101,ASUS ThinkPad 5,laptops & computers,Laptops,ASUS,2137400,1915700,0.104,38,20,2020-02-05,,True,7.32
PRD0198,Microsoft Elite Controller 10,Gaming,Controllers & Accessories,Microsoft,152200,101300,0.335,45,10,2023-09-11,,True,0.86
PRD0210,Logitech Arcade Stick 4,Gaming,Controllers & Accessories,Logitech,48000,35900,0.252,45,10,2021-12-25,,True,3.59
PRD0136,JBL HW-Q Series 9,Audio,Soundbars,JBL,354200,288800,0.185,30,20,2022-08-17,,True,3.12
PRD0387,Anker Bike Holder 11,Mobile Accessories,Phone Mounts,Anker,15700,7600,0.518,14,20,2022-05-07,,True,3.08
PRD0353,LOGITECH K65 RGB 5,Computer Peripherals,Keyboards,Logitech,35300,23200,0.344,109,20,2022-03-16,,True,0.79
PRD0199,Microsoft Barracuda 6,Gaming,Gaming Headsets,Microsoft,263600,205300,0.221,24,10,2021-08-25,,True,2.6
PRD0167,Canon HERO 2,Cameras & Photography,Action Cameras,Canon,174100,139300,0.2,167,15,2022-09-14,,yes,0.67
PRD0358,Samsung DeathAdder 12,Computer Peripherals,Mice & Trackpads,Samsung,239600,178800,0.254,14,20,2019-09-06,2024-11-26,False,3.22
PRD0137,JBL Live 7,Audio,Over-Ear Headphones,JBL,386000,₩259200,0.329,52,20,2019-11-21,,True,0.85
PRD0286,Garmin Mi Band 6,wearables,Fitness Bands,Garmin,38200,25000,0.345,26,12,2021-02-25,,True,6.87
PRD0132,AKG Soundbar Pro 11,Audio,Soundbars,AKG,671800,505400,0.248,90,20,2022-10-11,,True,2.72
PRD0040,OPPO Tempered Glass 7,Smartphones & Tablets,Screen Protectors,OPPO,21300,12000,0.438,113,20,2019-07-01,,True,4.6
PRD0216,Microsoft Mousepad XL 12,Gaming,Gaming Peripherals,Microsoft,30800,22500,0.269,11,10,2019-07-14,,True,3.33
PRD0044,LG Ultra Clear 8,Smartphones & Tablets,Screen Protectors,LG,10200,5700,0.443,46,20,2021-12-06,,True,4.41
PRD0055,Lenovo FlatronW 10,Laptops & Computers,Monitors,Lenovo,595400,520000,0.127,68,20,2021-08-06,2023-06-07,False,2.81
PRD0390,ESR Ultra-Thin Bank 4,Mobile Accessories,Power Banks,ESR,125500,79100,0.37,35,20,2022-10-18,,True,6.61
PRD0300,Samsung Wall Mount 6,TV & Displays,TV Accessories,Samsung,24900,17200,0.31,30,5,2021-03-01,,True,3.87
PRD0374,ESR Ultra-Thin Bank 2,Mobile Accessories,Power Banks,ESR,112400,75800,0.326,23,20,2020-08-24,,TRUE,3.46
PRD0305,Hisense OLED G-Series 11,TV & Displays,OLED TVs,Hisense,1373900,1257500,0.085,7,5,2022-01-03,,1,3.59
PRD0036,Xiaomi Tempered Glass 3,Smartphones & Tablets,Screen Protectors,Xiaomi,16400,8800,0.466,41,20,2023-11-28,,True,2.3
PRD0316,Hisense TV Remote Pro 10,TV & Displays,TV Accessories,Hisense,10800,6300,0.42,6,5,2023-10-08,,True,7.97
PRD0310,Sony Neo QLED 12,TV & Displays,QLED TVs,Sony,1640900,1400800,0.146,28,5,2022-10-07,,True,7.5
PRD0277,Fitbit Watch Ultra 2,Wearables,Smartwatches,Fitbit,₩559400,449300,0.197,32,12,2020-12-13,,True,2.71
PRD0125,Samsung Live 10,Audio,Over-Ear Headphones,Samsung,57800,43200,0.253,51,20,2023-03-25,,True,1.06
PRD0143,Sony Boombox 6,Audio,Bluetooth Speakers,Sony,201200,153800,0.236,67,20,2021/05/25,,True,2.03
PRD0111,Sony SRS-XB 12,Audio,Bluetooth Speakers,Sony,98100,76800,0.217,85,20,2019-08-25,,True,0.97
PRD0324,Samsung TV Remote Pro 2,TV & Displays,TV Accessories,Samsung,19700,11200,0.432,8,5,2022-04-04,,True,5.44
PRD0360,Logitech Backup Plus 8,Computer Peripherals,External Storage,Logitech,184800,153300,0.171,22,20,2022-01-10,,True,5.65
PRD0108,Bose HW-Q Series 11,Audio,Soundbars,Bose,130400,96900,0.257,26,20,2023-01-26,,True,6.7
PRD0013,Apple Redmi Note 1,Smartphones & Tablets,Smartphones,Apple,1643200,1363700,0.17,23,20,2021-09-25,,True,7.41
PRD0273,Apple Venu 11,Wearables,Smartwatches,Apple,97500,78800,0.191,38,12,2020-02-05,,1,5.8
PRD0048,Apple Ultra Clear 11,Smartphones & Tablets,Screen Protectors,Apple,11800,5800,0.512,74,20,2021-08-20,,True,3.66
PRD0204,Microsoft Mousepad XL 9,Gaming,Gaming Peripherals,Microsoft,75100,52400,0.302,31,10,2022-08-03,,True,6.88
PRD0352,Corsair T7 Shield 6,Computer Peripherals,External Storage,Corsair,280100,233000,0.168,50,20,2019-06-21,,True,5.41
PRD0120,AKG HW-Q Series 10,AUDIO,Soundbars,AKG,679500,489600,28.0%,49,20,2021-03-09,,True,7.84
PRD0022,Samsung MatePad 9,Smartphones & Tablets,Tablets,Samsung,221500,187800,15.2%,118,20,2022-01-03,,1,2.05
PRD0084,Lenovo GPU 9,Laptops & Computers,PC Components,Lenovo,248200,200700,0.192,28,20,2021-08-08,,True,3.29
PRD0131,Samsung SoundLink 4,Audio,Bluetooth Speakers,Samsung,48900,38000,0.223,90,20,2022-02-06,,True,4.23
PRD0330,Samsung TCL QLED 4,TV & Displays,QLED TVs,Samsung,2983500,2613800,0.124,28,5,2023-05-11,,True,0.62
PRD0230,Samsung Hue Color 4,Smart Home,Smart Lighting,Samsung,17700,10100,0.428,9,12,2023-08-09,,True,5.83
PRD0248,Xiaomi Smart Humidifier 2,Smart Home,Smart Appliances,Xiaomi,81700,64500,0.211,41,12,2021-09-18,,True,1.92
PRD0287,Garmin Echo Frames 5,Wearables,Smart Glasses,Garmin,402700,287300,0.286,36,12,2019-08-17,,True,7.31
PRD0124,JBL S-Series 9,Audio,Soundbars,JBL,₩104000,79900,0.232,95,20,2021-11-19,,True,2.66
PRD0034,OPPO Galaxy Tab A 7,Smartphones and Tablets,Tablets,OPPO,235800,206400,0.125,41,20,2023-01-12,,True,5.69
PRD0388,Spigen MagSafe Pad 10,Mobile Accessories,Wireless Accessories,Spigen,91200,54200,0.406,40,20,2023-12-21,,True,4.37
PRD0005,LG Reno 10,Smartphones & Tablets,Smartphones,LG,1435700,1250600,0.129,108,20,2020-02-02,,True,2.5
PRD0020,Samsung Tempered Glass 11,Smartphones & Tablets,screen protectors,Samsung,10000,5200,0.485,92,20,2021-12-02,,True,0.88
PRD0220,Microsoft Mousepad XL 5,Gaming,Gaming Peripherals,Microsoft,62600,45100,0.28,34,10,2021-05-12,,True,3.99
PRD0307,TCL TK-Series 10,TV & Displays,Projectors,TCL,636000,552600,0.131,28,5,2020-06-20,,True,6.63
PRD0150,Sony Alpha 4,Cameras & Photography,Mirrorless Cameras,Sony,1060900,925500,0.128,172,15,2021-02-27,,True,4.58
PRD0225,LG Galaxy Home 4,Smart Home,Smart Speakers,LG,112800,78300,0.306,47,12,2022-11-20,,true,4.17
PRD0248,Xiaomi Smart Humidifier 2,Smart Home,Smart Appliances,Xiaomi,81700,64500,0.211,41,12,2021-09-18,,True,1.92
PRD0365,Samsung MX Keys 5,Computer Peripherals,Keyboards,Samsung,53000,35600,0.328,15,20,2021/02/04,,True,0.13
PRD0152,Nikon UV Filter Kit 9,Cameras & Photography,Camera Accessories,Nikon,63600,40200,0.368,31,15,2021-01-13,,True,5.42
PRD0318,Sony TCL QLED 1,TV & Displays,QLED TVs,Sony,682600,616100,0.097,17,5,2019-05-26,2022-01-13,False,6.24
PRD0292,Garmin BP Monitor 9,Wearables,Health Monitors,Garmin,57300,41300,0.279,34,12,2021-05-24,,True,3.16
PRD0234,Xiaomi Hue Color 11,Smart Home,Smart Lighting,Xiaomi,21000,11600,0.449,32,12,2021-06-18,,True,1.62
PRD0011,Samsung Leather Wallet 11,Smartphones & Tablets,Phone Cases,Samsung,11300,5800,0.486,69,20,2022-07-13,,True,4.52
PRD0280,Fitbit Pulse Oximeter 2,Wearables,Health Monitors,Fitbit,34800,23600,0.322,13,12,2019-01-12,,True,3.32
PRD0072,Dell DDR5 RAM 9,Laptops & Computers,PC Components,Dell,93800,71200,0.241,89,20,2021-10-14,,true,0.56
PRD0253,Samsung Echo 8,Smart Home,Smart Speakers,Samsung,129700,89700,0.308,56,12,2022-04-09,,TRUE,6.78
PRD0093,Samsung Galaxy Book 6,Laptops & Computers,Laptops,Samsung,2353900,2117200,0.101,82,20,2021-03-08,,True,5.81
PRD0350,Logitech Magic Mouse 1,Computer Peripherals,Mice & Trackpads,Logitech,171700,117900,0.313,74,20,2023-02-16,,True,0
PRD0193,Microsoft Steam Deck 11,Gaming,Gaming Consoles,Microsoft,669200,594600,11.1%,23,10,2021-04-25,,True,2.46
PRD0258,Amazon LED Strip 3,Smart Home,Smart Lighting,Amazon,16600,9600,0.423,17,12,2022-06-01,,True,6.94
PRD0340,Corsair Backup Plus 6,Computer Peripherals,external storage,Corsair,45800,34800,0.239,59,20,2022-12-03,,yes,0.47
PRD0133,Bose WH-1000X 8,Audio,Over-Ear Headphones,Bose,160600,117500,0.268,49,20,2021-01-12,,True,3.95
PRD0196,Nintendo Mousepad XL 8,Gaming,Gaming Peripherals,Nintendo,387100,278100,0.281,20,10,2021-03-28,,True,1.68
PRD0344,Razer Backup Plus 5,Computer Peripherals,External Storage,Razer,176600,141600,0.198,45,20,2021-05-21,,True,2.26
PRD0138,Bose FreeBuds 5,Audio,In-Ear Earbuds,Bose,174800,113900,0.348,94,20,2023-03-11,,True,0
PRD0261,Xiaomi Galaxy Watch 10,Wearables,Smartwatches,Xiaomi,102500,74500,0.273,7,12,2023-06-18,,True,6.47
PRD0039,OPPO Clear Shield 1,smartphones & tablets,Phone Cases,OPPO,10300,4700,0.544,110,20,2020-05-02,2023-06-24,False,2.7
PRD0202,Logitech Pro Controller 7,GAMING,Controllers & Accessories,Logitech,113600,75300,0.337,18,10,2022-11-27,,True,5.8
PRD0395,Anker Bike Holder 6,Mobile Accessories,Phone Mounts,Anker,19100,11600,0.394,115,20,2022-09-16,,True,6.41
PRD0291,Samsung RayBan Meta 4,Wearables,Smart Glasses,Samsung,457500,298700,0.347,54,12,2023-02-15,,True,7.19
PRD0190,Razer Pro Controller 3,Gaming,Controllers & Accessories,Razer,52100,39400,0.243,50,10,2022-06-15,,True,4.1
PRD0252,LG Smart Plug 9,Smart Home,Smart Appliances,LG,188900,144400,0.235,47,12,2022-11-06,,True,3.7
PRD0113,Bose Live 7,Audio,Over-Ear Headphones,Bose,305700,214500,0.298,28,20,2023-02-03,,True,0.61
PRD0184,Logitech Gaming Mouse 12,Gaming,Gaming Peripherals,Logitech,23300,17000,0.272,27,10,2021-12-20,,True,1.3
PRD0153,Nikon K-Series 12,Cameras & Photography,DSLR Cameras,Nikon,412100,356400,0.135,168,15,2021-12-22,,True,6.26
PRD0313,LG OLED C-Series 9,TV & Displays,OLED TVs,LG,3873300,3417700,0.118,13,5,2021-11-13,,True,2.6
PRD0326,Sony TCL QLED 6,TV & Displays,QLED TVs,Sony,582500,534100,0.083,21,5,2021-05-08,,True,0.57
PRD0192,Microsoft Gaming Mouse 1,Gaming,Gaming Peripherals,Microsoft,27000,20300,0.25,38,10,2021-11-25,,True,8.31
PRD0045,OPPO Galaxy Z Fold 2,Smartphones & Tablets,Smartphones,OPPO,1257800,₩1056400,0.16,13,20,2022-04-26,,True,0.44
PRD0276,Xiaomi BP Monitor 10,Wearables,Health Monitors,Xiaomi,89300,63400,0.29,31,12,2022-11-24,,True,5.26
PRD0007,Samsung Thin Fit 11,Smartphones & Tablets,Phone Cases,Samsung,11600,5800,0.496,91,20,2020-07-09,,1,5.86
PRD0251,Amazon Motion Sensor 2,Smart Home,Home Security,Amazon,69800,47400,0.322,38,12,2020-06-21,2022-12-08,False,1.52
PRD0312,Hisense Wall Mount 3,TV & Displays,TV ACCESSORIES,Hisense,21900,14600,0.335,21,5,2022-06-02,,True,6.0
PRD0076,Dell GPU 8,Laptops & Computers,PC Components,Dell,43500,34000,0.219,66,20,2022-05-17,,True,0.73
PRD0001,Samsung Galaxy S 12,Smartphones & Tablets,Smartphones,Samsung,430300,379600,0.118,21,20,2022-11-24,,True,5.04
PRD0392,Belkin NFC Card 3,Mobile Accessories,Wireless Accessories,Belkin,21000,12100,0.424,15,20,2019-08-23,,True,1.35
PRD0384,ESR Qi Charger 4,Mobile Accessories,Wireless Accessories,ESR,23200,13900,0.401,93,20,2022-11-05,,True,8.29
PRD0069,Samsung Inspiron 5,Laptops & Computers,Laptops,Samsung,1942500,1769900,0.089,83,20,2023-08-04,,True,2.45
PRD0168,Nikon UV Filter Kit 8,Cameras & Photography,Camera Accessories,Nikon,48800,32800,0.328,53,15,2020-09-21,,True,3.71
PRD0393,Belkin GaN Charger 11,Mobile Accessories,Chargers & Cables,Belkin,33000,18700,0.432,110,20,2021-10-18,,True,6.03
PRD0219,Sony Cloud Alpha 4,Gaming,Gaming Headsets,Sony,277900,211500,0.239,48,10,2023-08-08,,True,1.78
PRD0043,Apple Thin Fit 10,Smartphones & Tablets,Phone Cases,Apple,15400,8300,46.0%,84,20,2019-05-07,,True,5.18
PRD0367,Corsair StreamCam 8,Computer Peripherals,Webcams,Corsair,56100,43400,0.226,31,20,2023-07-21,,True,1.01
PRD0346,Logitech Magic Mouse 5,Computer Peripherals,Mice & Trackpads,Logitech,31100,22200,0.287,83,20,2021-01-19,,True,6.95
PRD0073,Samsung Gram 11,Laptops & Computers,Laptops,Samsung,753900,658700,0.126,98,20,2020-03-18,2022-07-15,False,5.07
PRD0024,Xiaomi Matte Film 7,Smartphones & Tablets,Screen Protectors,Xiaomi,15300,6900,0.546,34,20,2022-11-23,,TRUE,2.56
PRD0399,Samsung Car Vent Mount 4,Mobile Accessories,Phone Mounts,Samsung,33200,16400,0.505,78,20,2023-07-27,,True,7.05
PRD0186,Razer DualSense 12,Gaming,Controllers & Accessories,Razer,39000,30000,0.231,23,10,2021-11-16,,True,8.13
PRD0349,Logitech K-Series 6,Computer Peripherals,Keyboards,Logitech,36600,23400,0.359,47,20,2021-06-12,,True,3.97
PRD0104,Lenovo GPU 11,Laptops & Computers,PC Components,Lenovo,101900,85200,0.164,40,20,2023-05-16,,True,7.55
PRD0144,Samsung HT-A 8,Audio,Soundbars,Samsung,641300,510900,0.203,46,20,2022-10-15,,true,6.63
PRD0212,Razer Wrist Rest 4,Gaming,Gaming Peripherals,Razer,100800,69200,0.313,17,10,2022-03-17,,TRUE,6.94
PRD0068,Dell GPU 2,Laptops & Computers,PC Components,Dell,363400,298100,0.18,26,20,2021-05-01,,True,2.37
PRD0026,Samsung Pad Air 2,Smartphones & Tablets,tablets,Samsung,1094500,979100,0.105,86,20,2019-04-13,2024-04-19,false,0.39
PRD0197,Sony Switch 3,Gaming,Gaming Consoles,Sony,581000,525600,0.095,21,10,2022-01-24,,True,4.85
PRD0176,Nikon SD Card Pro 3,Cameras & Photography,Camera Accessories,Nikon,54500,36700,0.327,81,15,2021-05-16,2023-09-15,False,1.87
